SMILES,ALERTS,ALOGP,AROM,HBA,HBD,MW,PSA,ROTB,QED
CN1C(=O)CN=C(c2c(Cl)cccc2Cl)c2cc(Cl)ccc21,0,4.46060,2,1,0,353.63600,32.67000,1,0.84678
CN1C(=O)CN=C(c2ccccc2F)c2cc([N+](=O)[O-])ccc21,2,2.54770,2,3,0,313.28800,75.81000,2,0.97034
CC1=CC(=O)N2CC(=O)N(C)c3ccc(Cl)cc3C2(c2ccccc2)O1,0,3.28010,2,3,0,368.82000,49.85000,1,0.78951
O=C1CN=C(c2ccccc2)c2c(sc3c2CCCC3)N1,0,3.41640,2,1,1,296.39500,41.46000,1,0.98289
O=C1CN=C(c2ccccc2)c2c(Cl)cccc2N1,0,3.12950,2,1,1,270.71900,41.46000,1,0.91030
Fc1ccccc1C1=NCC=Cc2ccc(Cl)cc21,0,4.34330,2,0,0,271.72200,12.36000,1,0.88098
CN1C(=O)CN=C(c2ccccc2)c2cc(Cl)ccc21,0,3.15380,2,1,0,284.74600,32.67000,1,0.94903
CC(C)(C)C(=O)OC1N=C(c2ccccc2)c2cc(Cl)ccc2NC1=O,1,4.04490,2,3,1,370.83600,67.76000,2,0.78121
O=C1CN=C(c2c(F)cccc2Cl)c2cc(Cl)ccc2N1,0,3.92200,2,1,1,323.15400,41.46000,1,0.97007
O=C1CN2CCOC2(c2ccccc2F)c2cc(Br)ccc2N1,0,3.07360,2,3,1,377.21300,41.57000,1,0.73594
CN1C(=O)CN=C(c2ccccc2)c2cc(N)ccc21,1,2.08260,2,2,1,265.31600,58.69000,1,0.89766
CN1CCN(C(=O)OC2c3nccnc3C(=O)N2c2ccc(Cl)cn2)CC1,0,1.56800,2,7,0,388.81500,91.76000,2,0.65710
CCc1cc2c(s1)N(C)C(=O)CN=C2c1ccccc1Cl,0,3.77770,2,1,0,318.82900,32.67000,2,0.96995
CCS(=O)(=O)CCN1C(=O)CN=C(c2ccccc2F)c2cc(Cl)ccc21,0,3.09780,2,3,0,408.88200,66.81000,5,0.57339
NNC(=O)CN1C(=O)CN=C(c2ccccc2)c2cc(Br)ccc21,3,1.62300,2,3,2,387.23700,87.79000,3,0.67102
Cc1c2c(cn1C)NC(=O)CN=C2c1ccccc1,0,2.12302,2,1,1,253.30500,46.39000,1,0.82990
CN1C(=O)CN=C(c2ccccn2)c2cc(Br)ccc21,0,2.65790,2,2,0,330.18500,45.56000,1,0.95962
C#Cc1ccc2c(c1)C(=O)N(C)Cc1c(C(=O)OCC)ncn1-2,2,1.61590,2,4,0,309.32500,64.43000,2,0.98475
Cc1nnc2n1-c1ccc([N+](=O)[O-])cc1C(c1ccccn1)=NC2,2,2.22992,3,5,0,320.31200,99.10000,2,0.89185
CCOC(=O)c1ncn2c1CN(C)C(=O)c1cccc(Cl)c1-2,1,2.28800,2,4,0,319.74800,64.43000,2,0.98073
CN1C(=O)CN=C(c2ccccc2F)c2cc(F)ccc21,0,2.77860,2,1,0,286.28100,32.67000,1,0.95325
Nc1ccc2c(c1)C(c1ccccc1Cl)=NCC(=O)N2,1,2.71170,2,2,2,285.73400,67.48000,1,0.96301
CN=C1CN(O)C(c2ccccc2)=c2cc(Cl)ccc2=N1,0,1.84920,2,2,1,299.76100,48.19000,1,0.99418
C#Cc1ccc2c(c1)C(c1ccccc1F)=NC(C)c1c(C(=O)N(C)C)ncn1-2,1,3.60650,3,2,0,386.43000,50.49000,2,0.68439
CN1C(=O)C(O)N=C(c2ccccc2)c2cc(Cl)ccc21,0,2.47220,2,2,1,300.74500,52.90000,1,0.99611
CN(C)C(=O)OC1N=C(c2ccccc2)c2cc(Cl)ccc2N(C)C1=O,0,3.17810,2,3,0,371.82400,62.21000,2,0.77736
CCOC(=O)c1ncn2c1CN(C)C(=O)c1c(F)cccc1-2,1,1.77370,2,4,0,303.29300,64.43000,2,0.99101
Clc1ccc2c(n1)C(c1ccccc1Cl)=NCc1nncn1-2,1,3.32010,3,3,0,330.17800,55.96000,1,0.95200
O=C1CN=C(c2ccccn2)c2cc(Br)ccc2N1,0,2.63360,2,2,1,316.15800,54.35000,1,0.99153
O=C1CN=C(c2ccccc2Cl)c2cc([N+](=O)[O-])ccc2N1CC1CC1,2,3.84220,2,3,0,369.80800,75.81000,4,0.77970
CN1C(=O)CN=C(c2ccccc2F)c2c(Cl)cccc21,0,3.29290,2,1,0,302.73600,32.67000,1,0.97922
CCOC(=O)c1ncn2c1CN=C(c1ccccc1F)c1cc(Br)ccc1-2,1,4.30160,3,3,0,428.26100,56.48000,3,0.46651
O=C1CN2CCOC2(c2ccccc2Cl)c2cc(Cl)ccc2N1,0,3.47880,2,3,1,349.21700,41.57000,1,0.88428
O=C1CN=C(c2c(Cl)cccc2Cl)c2cc(Cl)ccc2N1,0,4.43630,2,1,1,339.60900,41.46000,1,0.91824
C#Cc1ccc2c(c1)C(c1ccccc1)=NCC(=O)N2C,1,2.48170,2,1,0,274.32300,32.67000,1,0.91224
CN(C)C(=O)c1nc2n(n1)-c1ccc(Cl)cc1C(c1ccccc1Cl)=NC2,0,3.62690,3,3,0,400.26900,63.38000,2,0.61379
CN1C(=O)CN=C(c2ccccc2F)c2cc(C#N)ccc21,0,2.51118,2,2,0,293.30100,56.46000,1,0.98722
CCOC(=O)c1ncn2c1C1CCCN1C(=O)c1ccccc1-2,1,2.33970,2,4,0,311.34100,64.43000,2,0.99021
Fc1ccccc1C1=NCCN(CC(F)(F)F)c2ccc(Cl)cc21,1,4.69880,2,1,0,356.75000,15.60000,2,0.81111
C#CCN1C(=O)CN=C(c2ccccc2)c2cc(Cl)ccc21,1,3.15720,2,1,0,308.76800,32.67000,2,0.97924
COCc1ncn2c1CN(C)C(=O)c1cc(Cl)ccc1-2,0,2.25770,2,3,0,291.73800,47.36000,2,0.98416
CN(C)Cc1nc(-c2ncn3c2CN(C)C(=O)c2c(Cl)cccc2-3)no1,0,2.22290,3,6,0,372.81600,80.29000,3,0.75282
CCOC(=O)c1ncn2c1CN(C)C(=O)c1cc(C3CC3)ccc1-2,1,2.51200,2,4,0,325.36800,64.43000,3,0.97062
CN1C(=O)C(O)N=C(c2ccccc2)c2cc([N+](=O)[O-])ccc21,2,1.72700,2,4,1,311.29700,96.04000,2,0.91983
O=C1CN=C(c2ccn[nH]2)c2cc(Cl)ccc2N1,0,1.85260,2,2,2,260.68400,70.14000,1,0.87051
NC(=O)c1ncn2c1CN=C(c1ccccc1Cl)c1ccccc1-2,0,2.97560,3,2,1,336.78200,73.27000,2,0.92276
CN1Cc2c(C(=O)OC(C)(C)C)ncn2-c2ccc(N3CCCCC3)cc2C1=O,1,3.40350,2,5,0,396.49100,67.67000,2,0.63897
Cc1nnc2n1-c1sc(I)cc1C(c1ccccc1Cl)=NC2,1,4.24622,3,2,0,440.69700,43.07000,1,0.39660
CN1C(=O)CN=C(c2ccccc2)c2cc(Cl)c(Cl)cc21,0,3.80720,2,1,0,319.19100,32.67000,1,0.96874
CC(C)(C)N1C(=O)CN=C(c2ccccc2F)c2cc([N+](=O)[O-])ccc21,2,3.71640,2,3,0,355.36900,75.81000,2,0.84909
COc1cccc2c1C(=O)N1CCCC1c1c(C(=O)OC(C)(C)C)ncn1-2,1,3.12690,2,5,0,369.42100,73.66000,2,0.78431
C=Cc1ccc2c(c1)C(c1ccccc1)=NCC(=O)N2,0,3.11910,2,1,1,262.31200,41.46000,2,0.87270
Cc1nnc2n1-c1sc(C(C)C)cc1C(c1ccccc1Cl)=NC2,0,4.76502,3,2,0,356.88200,43.07000,2,0.83583
NC(=O)c1ncn2c1CN=C(c1ccccc1Br)c1cc(F)ccc1-2,0,3.22380,3,2,1,399.22300,73.27000,2,0.61980
C#Cc1ccc2c(c1)C(c1ccccc1F)=NCc1nnc(C)n1-2,1,3.04712,3,2,0,316.33900,43.07000,1,0.97609
Cc1nnc2n1-c1sc(Br)cc1C(c1ccccc1F)=NC2,0,3.88982,3,2,0,377.24200,43.07000,1,0.72952
O=C1CN=C(c2ccccc2Br)c2cc(F)ccc2N1,0,3.37770,2,1,1,333.16000,41.46000,1,0.94416
C#Cc1ccc2c(c1)C(c1ccccn1)=NCc1nnc(C)n1-2,1,2.30302,3,3,0,299.33700,55.96000,1,0.98313
Cc1nn(C)c2c1N(c1ccccc1)C(=O)CC(=O)N2C,1,1.75972,2,3,0,284.31900,58.44000,1,0.96627
O=C1CN=C(C2=CCCCC2)c2cc(Cl)ccc2N1,0,3.58160,1,1,1,274.75100,41.46000,1,0.92577
CCOC(=O)c1ncn2c1CN(C)C(=O)c1ccc(Cl)cc1-2,1,2.28800,2,4,0,319.74800,64.43000,2,0.98073
O=C1CN=C(c2ccccc2C(F)(F)F)c2cc([N+](=O)[O-])ccc2N1,2,3.40310,2,3,1,349.26800,84.60000,2,0.86347
CN1C(=O)CN=C(c2ccccc2F)c2cc(I)ccc21,1,3.24410,2,1,0,394.18700,32.67000,1,0.62374
CCOC(=O)C1N=C(c2ccccc2Cl)c2cc(Cl)ccc2NC1=O,2,3.71460,2,3,1,377.22700,67.76000,3,0.74459
Fc1ccccc1C1=CCc2nncn2-c2ccc(Cl)cc21,0,4.04760,3,2,0,311.74700,30.71000,1,0.96711
CCOC(=O)c1ncn2c1CN(C)C(=O)c1cc(CC)ccc1-2,1,2.19700,2,4,0,313.35700,64.43000,3,0.98932
O=C1COC(N2CCN=C(c3ccccc3Cl)c3cc(Cl)ccc32)=N1,0,3.56360,2,3,0,374.22700,54.26000,1,0.76153
CN1C(=O)CN=C(c2c(F)cccc2F)c2cc(Cl)ccc21,0,3.43200,2,1,0,320.72600,32.67000,1,0.96671
CC(C)(C)OC(=O)c1ncn2c1C1CCN1C(=O)c1c(Cl)cccc1-2,1,3.38160,2,4,0,359.81300,64.43000,1,0.83857
CN1C(=O)CN=C(c2ccccc2Cl)c2cc(Cl)ccc21,0,3.80720,2,1,0,319.19100,32.67000,1,0.96874
CCc1cc2c(s1)-n1cnnc1CN=C2c1ccccc1Cl,0,3.89560,3,2,0,328.82800,43.07000,2,0.95163
CC(C)(C)OC(=O)c1ncn2c1C1CCCN1C(=O)c1c-2ccc(F)c1Cl,1,3.91080,2,4,0,391.83000,64.43000,1,0.66444
CC(C)(C)OC(=O)c1ncn2c1C1CCCN1C(=O)c1c(Br)cccc1-2,1,3.88080,2,4,0,418.29100,64.43000,1,0.52179
C#Cc1ccc2c(c1)C(c1ccccc1F)=NCC(=O)N2C,1,2.62080,2,1,0,292.31300,32.67000,1,0.96567
CN(C)Cc1nnc2n1-c1ccc(Cl)cc1C(c1ccccc1)=NC2,0,3.33330,3,3,0,351.84100,46.31000,3,0.86883
N#CCCN1C(=O)C(O)N=C(c2ccccc2F)c2cc(Cl)ccc21,0,2.89518,2,3,1,357.77200,76.69000,3,0.84320
CN(C)S(=O)(=O)c1ccc2c(c1)C(c1ccccc1)=NCC(=O)N2,0,1.72640,2,3,1,343.40800,78.84000,3,0.90105
Cc1cc2c(cc1Cl)NC(=O)CN=C2c1ccccc1F,0,3.57702,2,1,1,302.73600,41.46000,1,0.98825
CN1Cc2c(C(=O)OC(C)(C)C)ncn2-c2ccsc2C1=O,1,2.47470,2,4,0,319.38600,64.43000,1,0.98089
CC1N=C(c2ccccc2F)c2cc([N+](=O)[O-])ccc2N(C)C1=O,2,2.93620,2,3,0,327.31500,75.81000,2,0.94861
COc1ccc2c(c1)C(=O)N(C)Cc1c(C(=O)OC(C)(C)C)ncn1-2,1,2.42180,2,5,0,343.38300,73.66000,2,0.90374
Cc1nnc2n1-c1ccc(Br)cc1C(c1ccccn1)=NC2,0,3.08422,3,3,0,354.21100,55.96000,1,0.86009
CN1C(=O)C(O)N=C(c2ccccc2F)c2cc(Cl)ccc21,0,2.61130,2,2,1,318.73500,52.90000,1,0.98788
Cc1nnc2n1-c1ccc([N+](=O)[O-])cc1C(c1ccccc1F)=NC2,2,2.97402,3,4,0,337.31400,86.21000,2,0.89406
O=C1NCC2=C1CN=C(c1ccccc1Cl)c1cc(Cl)ccc12,0,3.72780,2,1,1,343.21300,41.46000,1,0.90652
O=C1CN=C(c2ccccc2)c2ccccc2N1,0,2.47610,2,1,1,236.27400,41.46000,1,0.72600
COC(=O)c1ncn2c1CN=C(c1ccccc1F)c1cc(Cl)ccc1-2,1,3.80240,3,3,0,369.78300,56.48000,2,0.78047
Cc1nnc2n1-c1ccc(I)cc1C(c1ccccc1F)=NC2,1,3.67042,3,2,0,418.21300,43.07000,1,0.50310
O=C1CN=C(c2ccccc2F)c2cc(Cl)ccc2N1CC(O)CO,0,2.01630,2,3,2,362.78800,73.13000,4,0.82129
Cc1nnc2n1-c1ccc(Cl)cc1C(c1ccccc1F)=CC2,0,4.35602,3,2,0,325.77400,30.71000,1,0.94398
OCc1ncc2n1-c1ccc(Cl)cc1C(c1ccccc1F)=NC2,0,3.50810,3,2,1,341.77300,50.41000,2,0.91318
CCOC(=O)c1ncn2c1C1CCCN1C(=O)c1cc(Cl)ccc1-2,1,2.99310,2,4,0,345.78600,64.43000,2,0.90369
COCN1C(=O)CN=C(c2ccccc2)c2cc([N+](=O)[O-])ccc21,2,2.38270,2,4,0,325.32400,85.04000,4,0.93537
CN1C(=O)CC(=O)N(c2ccccc2)c2cc(Cl)ccc21,1,3.37120,2,2,0,300.74500,40.62000,1,0.98913
CC1N=C(c2ccccc2)c2cc(Cl)ccc2N(Cl)C1=O,1,4.06630,2,1,0,319.19100,32.67000,1,0.96678
O=C1CN=C(c2ccccc2)c2cc(Br)ccc2N1,0,3.23860,2,1,1,315.17000,41.46000,1,0.98430
O=C1CN=C(c2ccccc2F)c2cc([N+](=O)[O-])ccc2N1,2,2.52340,2,3,1,299.26100,84.60000,2,0.95175
Clc1ccc2c(c1)-c1ncnn1Cc1c(Cl)ncn1-2,0,2.79930,4,3,0,292.12900,48.53000,0,0.94946
CC1COC2(c3ccccc3Cl)c3cc(Cl)ccc3NC(=O)CN12,0,3.86730,2,3,1,363.24400,41.57000,1,0.81344
CN1CCN(C=C2N=C3CN=C(c4ccccc4)c4cc(Br)ccc4N3C2=O)CC1,1,3.13400,2,3,0,464.36700,51.51000,2,0.31445
CCOC(=O)C1N=C(c2ccccc2F)c2cc(Cl)ccc2N(C(=O)NC)C1=O,2,2.93420,2,4,1,417.82400,88.07000,3,0.52246
Cc1ncc2n1-c1ccc(Cl)cc1C(c1ccccc1F)=NC2,0,4.32422,3,1,0,325.77400,30.18000,1,0.93997
Fc1ccccc1C1=NCC(=S)N(CC(F)(F)F)c2ccc(Cl)cc21,2,5.02620,2,2,0,386.80100,15.60000,2,0.64196
CN1C(=O)CN=C(c2ccccc2)c2cc(C#N)ccc21,0,2.37208,2,2,0,275.31100,56.46000,1,0.93939
CNCc1nnc2n1-c1ccc(Cl)cc1C(c1ccccc1)=NC2,0,2.99110,3,3,1,337.81400,55.10000,3,0.93026
CCOC(=O)N1CCC(=O)N(c2ccccc2)c2cc(Cl)ccc21,0,4.37130,2,3,0,344.79800,49.85000,2,0.90717
O=C1CN=C(c2ccccc2)c2cc(Cl)ccc2N1CC(F)(F)F,0,4.08630,2,1,0,352.74300,32.67000,2,0.85352
OCc1nnc2n1-c1ccc(Cl)cc1C(c1ccccc1Cl)=NC2,0,3.41740,3,3,1,359.21600,63.30000,2,0.83653
CN1C(=O)CN=C(c2ccc(Cl)cc2)c2cc(Cl)ccc21,0,3.80720,2,1,0,319.19100,32.67000,1,0.96874
NC1=Nc2ccc([N+](=O)[O-])cc2N(c2ccccc2)C(=O)C1,2,2.65190,2,4,1,296.28600,101.83000,2,0.89220
Cc1nnc2n1-c1ccc(Cl)cc1C(c1ccccc1)=NC2,0,3.58012,3,2,0,308.77200,43.07000,1,0.98274
CCOC(=O)c1ncn2c1CN(C)C(=O)c1cc(F)ccc1-2,1,1.77370,2,4,0,303.29300,64.43000,2,0.99101
CC(C)(C)OC(=O)c1ncn2c1C1CCCN1C(=O)c1cc(Cl)ccc1-2,1,3.77170,2,4,0,373.84000,64.43000,1,0.76463
CN1C(=O)CN=C(c2ccco2)c2cc(Cl)ccc21,0,2.74680,2,2,0,274.70700,45.81000,1,0.93391
COCC1CN=C(c2ccccc2Cl)c2cc(Br)ccc2N1C,0,4.40470,2,2,0,393.71200,24.83000,3,0.61969
CCN(CC)CCN1C(=O)CN=C(c2ccccc2F)c2cc(Cl)ccc21,0,4.00490,2,2,0,387.88600,35.91000,6,0.66667
O=C1CN=C(c2ccccc2)c2cc(Cl)ccc2N1,0,3.12950,2,1,1,270.71900,41.46000,1,0.91030
O=C1CCNc2ccc(Cl)cc2N1c1ccccc1,0,3.82030,2,2,1,272.73500,32.34000,1,0.90998
CC(=O)c1ccc2c(c1)C(c1ccccc1)=NCC(=O)N2,1,2.67870,2,2,1,278.31100,58.53000,2,0.94919
CCOC(=O)c1ncn2c1CN(C)C(=O)c1cc(N=[N+]=[N-])ccc1-2,4,2.57640,2,4,0,326.31600,113.19000,3,0.81535
Cc1nnc2n1-c1ccc(C(F)(F)F)cc1C(c1ccccc1)=NC2,0,3.94552,3,2,0,342.32400,43.07000,1,0.90521
CN1C(=O)CN2CCc3ccccc3C2c2cc(Cl)ccc21,0,3.26390,2,2,0,312.80000,23.55000,0,0.97113
Clc1ccc2c(c1)C(c1ccccc1Cl)=NCc1cncnc1-2,0,4.80140,3,2,0,340.21300,38.14000,1,0.90386
C=CCc1ccc2c(c1)C(=O)N(C)Cc1c(C(=O)OCC)ncn1-2,2,2.36310,2,4,0,325.36800,64.43000,4,0.96473
CC(C)(C)N1C(=O)CN=C(c2ccccc2)c2cc(Cl)ccc21,0,4.32250,2,1,0,326.82700,32.67000,1,0.95055
O=C1CN=C(c2ccccc2F)c2cc(I)ccc2N1,1,3.21980,2,1,1,380.16000,41.46000,1,0.71528
CN1C(=O)CN(C(N)=O)C(c2ccccc2)c2cc(Cl)ccc21,0,2.78650,2,2,1,329.78700,66.64000,1,0.95851
CN1C(=O)CN=C(c2ccccc2Cl)c2cc([N+](=O)[O-])ccc21,2,3.06200,2,3,0,329.74300,75.81000,2,0.94271
Cc1ccc(S(=O)(=O)CCN2C(=O)CN=C(c3ccccc3Cl)c3cc(Cl)ccc32)cc1,0,4.95972,3,3,0,487.40800,66.81000,5,0.25065
CN1C(=O)CN=C(c2ccccc2F)c2cc(N)ccc21,1,2.22170,2,2,1,283.30600,58.69000,1,0.96342
CC(N)C(=O)Nc1ccc([N+](=O)[O-])cc1C(=O)c1ccccc1Cl,3,2.76490,2,5,2,347.75800,115.33000,5,0.76718
CCOC(=O)c1ncn2c1CN(C)C(=O)c1ccccc1-2,1,1.63460,2,4,0,285.30300,64.43000,2,0.96501
Cc1nnc2n1-c1sc(Cl)cc1C(c1ccccc1F)=NC2,0,3.78072,3,2,0,332.79100,43.07000,1,0.93976
CN1Cc2c(C(=O)OC(C)(C)C)ncn2-c2ccc(N(C)C)cc2C1=O,1,2.47920,2,5,0,356.42600,67.67000,2,0.85246
O=C1CN=C(c2ccccc2Cl)c2cc(Cl)ccc2N1,0,3.78290,2,1,1,305.16400,41.46000,1,0.98857
CC(C)c1nc(-c2ncn3c2CN(C)C(=O)c2c(Cl)cccc2-3)no1,0,3.28470,3,5,0,357.80100,77.05000,2,0.83227
COc1cccc(CNc2ccc3nc(-c4ccc(N)cc4)c(OC)n3n2)c1,1,3.60780,4,6,2,375.43200,86.70000,6,0.71738
CN1Cc2c(C(=O)OC3CC3)ncn2-c2ccc(Cl)cc2C1=O,1,2.43050,2,4,0,331.75900,64.43000,2,0.95338
Cc1nnc2n1-c1ccc(Cl)cc1C(c1ccccc1Cl)=NC2,0,4.23352,3,2,0,343.21700,43.07000,1,0.90059
Cc1nnc2n1-c1ccc([N+](=O)[O-])cc1C(c1ccccc1Cl)=CC2,2,4.12512,3,4,0,352.78100,73.85000,2,0.85382
CCOC(=O)c1ncn2c1CN(C)C(=O)c1cc(-c3cccs3)ccc1-2,1,3.36310,3,4,0,367.43000,64.43000,3,0.79427
C#Cc1ccc2c(c1)C(c1ccccc1Cl)=NCC(=O)N2C,1,3.13510,2,1,0,308.76800,32.67000,1,0.97870
CN1Cc2c(C(=O)OC(C)(C)C)ncn2-c2ccc(N3CCCC3)cc2C1=O,1,3.01340,2,5,0,382.46400,67.67000,2,0.71645
CN1C(=O)CN=C(C2=CCCCC2)c2cc([N+](=O)[O-])ccc21,2,2.86070,1,3,0,299.33000,75.81000,2,0.96963
Cc1nnc2n1-c1ccc(Br)cc1C(c1ccccc1F)=NC2,0,3.82832,3,2,0,371.21300,43.07000,1,0.76337
CN1C(=O)C(O)N=C(c2ccccc2Cl)c2cc(Cl)ccc21,0,3.12560,2,2,1,335.19000,52.90000,1,0.94652
ON1CC(=NCC2CC2)N=c2ccc(Cl)cc2=C1c1ccccc1,0,2.62940,2,2,1,339.82600,48.19000,3,0.92963
C#Cc1ccc2c(c1)C(c1ccccc1)=NCc1c(C(=O)NC)ncn1-2,1,2.56420,3,2,1,340.38600,59.28000,2,0.91856
C=CCONC1=Nc2ccc(Cl)cc2C(c2ccccc2Cl)=NC1,3,4.58160,2,2,1,360.24400,45.98000,4,0.81785
CN1C(=O)CN=C(c2ccccc2)c2cc(F)ccc21,0,2.63950,2,1,0,268.29100,32.67000,1,0.88755
CN1C(=O)CN=C(c2ccccc2)c2cc(Br)ccc21,0,3.26290,2,1,0,329.19700,32.67000,1,0.94696
Cc1nnc2n1-c1sc([N+](=O)[O-])cc1C(c1ccccc1Cl)=NC2,2,3.54982,3,4,0,359.79800,86.21000,2,0.80813
CCOC(=O)c1ncn2c1CN(C)C(=O)c1c(I)cccc1-2,2,2.23920,2,4,0,411.19900,64.43000,2,0.55677
Cc1nnc2n1-c1ccc(Cl)cc1C(c1ccccc1F)=NC2C,0,4.28022,3,2,0,340.78900,43.07000,1,0.91000
CCOC(=O)c1ncn2c1CN(C)C(=O)c1cc(Cl)ccc1-2,1,2.28800,2,4,0,319.74800,64.43000,2,0.98073
O=C1C(O)N=C(c2ccccc2F)c2cc(Cl)ccc2N1CCO,0,1.97380,2,3,2,348.76100,73.13000,3,0.88616
O=C1Nc2ccc(Cl)cc2C(c2ccccc2Cl)=NC1O,0,3.10130,2,2,2,321.16300,61.69000,1,0.98043
O=C1CN(O)C(c2ccccc2)=c2cc(Cl)ccc2=N1,0,1.34750,2,3,1,286.71800,52.90000,1,0.97391
C=Cc1ccc2c(c1)C(=O)N(C)Cc1c(C(=O)OCC)ncn1-2,1,2.27760,2,4,0,311.34100,64.43000,3,0.99086
Cc1nn(C)c2c1C(c1ccccc1F)=NCC(=O)N2C,0,1.68142,2,2,0,286.31000,50.49000,1,0.97230
CCn1nc(C)c2c1C(c1ccccc1)=NCC(=O)N2,0,2.00092,2,2,1,268.32000,59.28000,2,0.91218
CCOC(=O)c1ncn2c1C1CCCN1C(=O)c1cc(OC)ccc1-2,1,2.34830,2,5,0,341.36700,73.66000,3,0.91194
CCc1cc2c(s1)-n1c(C)nnc1CN=C2c1ccccc1F,0,3.68972,3,2,0,326.40000,43.07000,2,0.95836
CCOC(=O)c1ncn2c1CN(C)C(=O)c1cc(-c3ccco3)ccc1-2,1,2.89460,3,5,0,351.36200,77.57000,3,0.86038
O=C1CN=C(c2ccccc2)c2cc(C(F)(F)F)ccc2N1,0,3.49490,2,1,1,304.27100,41.46000,1,0.98893
Cc1nnc2n1-c1ccccc1C(c1ccccc1)=CC2,0,3.56352,3,2,0,273.33900,30.71000,1,0.89914
Cc1nnc2n1-c1ccc(Br)cc1C(c1ccccc1Cl)=NC2,0,4.34262,3,2,0,387.66800,43.07000,1,0.66926
CCOC(=O)c1ncn2c1C1CCCN1C(=O)c1c(Cl)cccc1-2,1,2.99310,2,4,0,345.78600,64.43000,2,0.90369
O=C1Nc2ccc(Cl)cc2C(c2ccccc2)=NC1O,0,2.44790,2,2,2,286.71800,61.69000,1,0.97090
O=C1CN=C(c2ccccc2F)c2cc(Cl)c(Cl)cc2N1,0,3.92200,2,1,1,323.15400,41.46000,1,0.97007
CN1CCN(C=C2N=C3CN=C(c4ccccc4Cl)c4cc([N+](=O)[O-])ccc4N3C2=O)CC1,3,2.93310,2,5,0,464.91300,94.65000,3,0.32308
C#Cc1ccc2c(c1)C(c1ccccc1F)=NC(C)c1c(C(=O)NC)ncn1-2,1,3.26430,3,2,1,372.40300,59.28000,2,0.76702
CCc1cccc2c1C(=O)N1CCCC1c1c(C(=O)OC(C)(C)C)ncn1-2,1,3.68070,2,4,0,367.44900,64.43000,2,0.79980
O=C(O)C1N=C(c2ccccc2)c2cc(Cl)ccc2NC1=O,1,2.58270,2,3,2,314.72800,78.76000,2,0.96868
O=C1CN=C(c2ccccc2F)c2cc(Cl)ccc2N1CC1CC1,0,4.07310,2,1,0,342.80100,32.67000,3,0.89921
Clc1ccccc1C1=NCc2nnc(C3CCCCC3)n2-c2sc(Br)cc21,0,6.14340,3,2,0,461.81600,43.07000,2,0.30826
C#Cc1ccc2c(c1)C(c1ccccc1F)=NC(C)c1c(C(=O)OCC)ncn1-2,2,4.08140,3,3,0,387.41400,56.48000,3,0.68036
O=C1CN=C(c2ccccc2Cl)c2cc(Br)ccc2N1,0,3.89200,2,1,1,349.61500,41.46000,1,0.87810
O=C1CN=C(c2ccccc2F)c2cc(F)ccc2N1,0,2.75430,2,1,1,272.25400,41.46000,1,0.91663
OCc1ncc2n1-c1ccc(Cl)cc1C(c1ccccc1F)=NC2O,0,2.99900,3,3,2,357.77200,70.64000,2,0.83989
CN1CCN=C(c2ccccc2)c2cc(Cl)ccc21,0,3.62720,2,1,0,270.76300,15.60000,1,0.87588
CN1C(=O)CN=C(c2ccccc2)c2cc([N+](=O)[O-])ccc21,2,2.40860,2,3,0,295.29800,75.81000,2,0.96539
NC(=O)c1ncn2c1CN=C(c1ccccc1Cl)c1cc(Cl)ccc1-2,0,3.62900,3,2,1,371.22700,73.27000,2,0.77067
Clc1ccc2c(c1)C(c1ccccc1)=NCc1nncn1-2,0,3.27170,3,2,0,294.74500,43.07000,1,0.97466
Nc1ccc2c(c1)C(c1ccccc1)=NCC(=O)N2,1,2.05830,2,2,2,251.28900,67.48000,1,0.82610
O=C1CN=C(c2ccccc2)c2cc([N+](=O)[O-])ccc2N1,2,2.38430,2,3,1,281.27100,84.60000,2,0.91884
O=C([O-])C1N=C(c2ccccc2)c2cc([N+](=O)[O-])ccc2NC1=O.[K+],4,-2.49320,2,5,1,363.37000,124.73000,3,0.67506
FC(F)c1ncn2c1Cn1ncnc1-c1cc(Br)ccc1-2,0,3.19260,4,3,0,352.14200,48.53000,1,0.84804
Clc1ccc2c(c1)C(c1ccccc1Cl)=NCc1nncn1-2,0,3.92510,3,2,0,329.19000,43.07000,1,0.95000
Cc1nnc2n1-c1ccc(Cl)cc1C(c1ccccc1F)=NC2,0,3.71922,3,2,0,326.76200,43.07000,1,0.95687
O=C(OCC1CC1)c1ncn2c1C1CCN1C(=O)c1c(Cl)cccc1-2,1,2.99310,2,4,0,357.79700,64.43000,3,0.85005
O=C1CN=C(c2ccccc2F)c2cc(Cl)ccc2N1,0,3.26860,2,1,1,288.70900,41.46000,1,0.96933
O=C1CN=C(c2ccccc2)c2cc(Cl)ccc2N1CCOCC1CC1,1,3.95060,2,2,0,368.86400,41.90000,6,0.78048
O=C1CN=C(c2ccccc2F)c2cc(Br)ccc2N1,0,3.37770,2,1,1,333.16000,41.46000,1,0.94416
CN1C(=O)CN=C(c2ccccc2F)c2ccccc21,0,2.63950,2,1,0,268.29100,32.67000,1,0.88755
CN1C(=O)CN=C(c2ccccc2Cl)c2ccccc21,0,3.15380,2,1,0,284.74600,32.67000,1,0.94903
CCc1cc2c(s1)-n1c(C)nnc1CN=C2c1ccccc1,0,3.55062,3,2,0,308.41000,43.07000,2,0.98341
Cc1ccc2c(c1)NC(=O)CN=C2c1ccccc1F,0,2.92362,2,1,1,268.29100,41.46000,1,0.89980
O=C1CN=C(c2ccccc2)c2cc(Cl)ccc2N1CC1CC1,0,3.93400,2,1,0,324.81100,32.67000,3,0.95854
O=C1CN=C(c2ccccc2F)c2ccccc2N1,0,2.61520,2,1,1,254.26400,41.46000,1,0.82998
Cc1nnc2n1-c1ccc([N+](=O)[O-])cc1C(c1ccccc1Cl)=NC2,2,3.48832,3,4,0,353.76900,86.21000,2,0.83427
Cc1nnc2n1-c1ccc(Cl)cc1C(c1ccccn1)=NC2,0,2.97512,3,3,0,309.76000,55.96000,1,0.98673
COC(=O)CCC1N=C(c2ccccn2)c2cc(Br)ccc2-n2cc(C)nc21,1,4.18352,3,4,0,439.31300,69.37000,4,0.42311
CCOC(=O)c1ncn2c1CN=C(c1ccccc1)c1cc(Cl)ccc1-2,1,4.05340,3,3,0,365.82000,56.48000,3,0.80198
CN1C(=S)CN=C(c2ccccc2)c2cc(Cl)ccc21,1,3.95460,2,2,0,300.81400,15.60000,1,0.96166
CN1C(=O)CN=C(C2=CCCCC2)c2cc(Cl)ccc21,0,3.60590,1,1,0,288.77800,32.67000,1,0.95867
CN1C(=O)CN=C(c2ccccc2F)c2cc(Br)ccc21,0,3.40200,2,1,0,347.18700,32.67000,1,0.87996
Cc1ncc2n1-c1ccc(Cl)cc1C(c1ccccc1Cl)=NC2,0,4.83852,3,1,0,342.22900,30.18000,1,0.88288
O=C1CN=C(c2cccs2)c2cc(Br)ccc2N1,0,3.30010,2,1,1,321.19900,41.46000,1,0.97506
O=Cc1ccc2c(c1)C(c1ccccc1)=NCC(=O)N2,1,2.28860,2,2,1,264.28400,58.53000,2,0.89397
CCOC(=O)C1N=C(c2ccccc2F)c2cc(Cl)ccc2NC1=O,2,3.20030,2,3,1,360.77200,67.76000,3,0.83075
CC1N=C(c2ccccc2Cl)c2cc([N+](=O)[O-])ccc2NC1=O,2,3.42620,2,3,1,329.74300,84.60000,2,0.92694
CP(C)(=O)CN1C(=O)CN=C(c2ccccc2)c2cc(Cl)ccc21,1,4.10420,2,2,0,360.78100,49.74000,3,0.83214
CCc1cc2c(s1)-n1c(C)nnc1CN=C2c1ccccc1Cl,0,4.20402,3,2,0,342.85500,43.07000,2,0.90281
O=C1Nc2ccc(Br)cc2C(c2ccccc2Cl)=NC1O,0,3.21040,2,2,2,365.61400,61.69000,1,0.80947
O=C1CN=C(c2c(F)cccc2F)c2ccccc2N1,0,2.75430,2,1,1,272.25400,41.46000,1,0.91663
O=C1Nc2ccc([N+](=O)[O-])cc2C(c2ccccc2F)=NC1O,2,1.84180,2,4,2,315.26000,104.83000,2,0.88379
CCCN(CCC)Cc1nc(-c2ncn3c2CN(C)C(=O)c2cc(F)ccc2-3)no1,0,3.26900,3,6,0,412.46900,80.29000,7,0.54561
CCCN(CCC)Cc1cnc(-c2ncn3c2CN(C)C(=O)c2cc(F)ccc2-3)o1,0,3.87400,3,5,0,411.48100,67.40000,7,0.55287
O=C1CN2CCOC2(c2ccccc2F)c2cc(Cl)ccc2N1CCO,0,2.35130,2,4,1,376.81500,53.01000,3,0.74794
O=C1CN=C(c2c(F)cccc2F)c2ccc(Cl)cc2N1,0,3.40770,2,1,1,306.69900,41.46000,1,0.98929
O=[N+]([O-])c1ccc2c(c1)C(c1ccccc1)=NCc1nncn1-2,2,2.52650,3,4,0,305.29700,86.21000,2,0.94086
CN(C)Cc1nnc2n1-c1ccc(Cl)cc1C(c1ccccc1F)=NC2,0,3.47240,3,3,0,369.83100,46.31000,3,0.77640
O=C1Nc2ccc(Cl)nc2C(c2ccccc2Cl)=NC1O,1,2.49630,2,3,2,322.15100,74.58000,1,0.96503
Cc1nnc2n1-c1ccc([N+](=O)[O-])cc1C(c1ccccc1)=NC2,2,2.83492,3,4,0,319.32400,86.21000,2,0.93334
CN(C)CCc1nnc2n1-c1ccc(Cl)cc1C(c1ccccc1)=NC2.Cc1ccc(S(=O)(=O)O)cc1,1,4.61752,4,6,1,538.07300,100.68000,5,0.15238
CN1c2ccccc2C(c2ccccc2Cl)=NCC1(Cl)CO,2,3.55460,2,2,1,335.23400,35.83000,2,0.92892
O=C1CC(=O)N(c2ccccc2)c2cc(Cl)ccc2N1,1,3.34690,2,2,1,286.71800,49.41000,1,0.97217
Cc1nnc2n1-c1ccc(Br)cc1C(c1ccccc1)=NC2,0,3.68922,3,2,0,353.22300,43.07000,1,0.85751
CC1=c2ccccc2=NC(=O)CN1,0,-0.43590,1,2,1,174.20300,41.46000,0,0.38954
CN1CCN(C=C2N=C3CN=C(c4ccccc4F)c4cc([N+](=O)[O-])ccc4N3C2=O)CC1,3,2.41880,2,5,0,448.45800,94.65000,3,0.38164
C#Cc1ccc2c(c1)C(c1ccccn1)=NCc1c(C(=O)OCC)ncn1-2,2,2.77630,3,4,0,356.38500,69.37000,3,0.84289
C#Cc1ccc2c(c1)C(c1ccccc1Cl)=NCc1nnc(C)n1-2,1,3.56142,3,2,0,332.79400,43.07000,1,0.93918
CCc1ccc2c(c1)C(c1ccccc1)=NCC(=O)N2,0,3.03850,2,1,1,264.32800,41.46000,2,0.88242
Cc1nnc2n1-c1sc(Cl)cc1C(c1ccccc1Cl)=NC2,0,4.29502,3,2,0,349.24600,43.07000,1,0.87438
O=C1CN=C(c2ccccc2)c2cc(F)ccc2N1,0,2.61520,2,1,1,254.26400,41.46000,1,0.82998
CN1C(=O)CN=C(c2ccccc2[N+](=O)[O-])c2cc([N+](=O)[O-])ccc21,2,2.31680,2,5,0,340.29500,118.95000,3,0.77865
CN1CCN(C(=O)OC2C3=C(SCCS3)C(=O)N2c2ccc3ccc(Cl)nc3n2)CC1,1,3.03150,2,8,0,477.99900,78.87000,2,0.27909
[N-]=[N+]=Nc1ccc2c(c1)C(c1ccccc1F)=NCC(=O)N2,3,3.55700,2,1,1,295.27700,90.22000,2,0.91779
Cc1nnc2n1-c1ccccc1C(c1ccccc1Cl)=NC2,0,3.58012,3,2,0,308.77200,43.07000,1,0.98274
O=C1CN=C(c2ccccc2Cl)c2cc([N+](=O)[O-])ccc2N1,2,3.03770,2,3,1,315.71600,84.60000,2,0.95098
C#Cc1ccc2c(c1)C(c1ccccc1F)=NCc1c(C(=O)OCC)ncn1-2,2,3.52040,3,3,0,373.38700,56.48000,3,0.75840
CC1N=C(c2ccccc2F)c2cc(Br)ccc2NC1=O,0,3.76620,2,1,1,347.18700,41.46000,1,0.88936
CN1C(=O)CN=C(c2ccccc2F)c2cc(Cl)ccc21,0,3.29290,2,1,0,302.73600,32.67000,1,0.97922
O=C1CN=C(c2c(F)cccc2F)c2cc(Cl)ccc2N1,0,3.40770,2,1,1,306.69900,41.46000,1,0.98929
CCOC(=O)c1ncn2c1CN(C)C(=O)c1cc(-c3ccccc3)ccc1-2,1,3.30160,3,4,0,361.40100,64.43000,3,0.82504
O=C(O)CCC(=O)OC1N=C(c2ccccc2Cl)c2cc(Br)ccc2NC1=O,1,3.62610,2,5,2,465.68700,105.06000,5,0.32110
CN1C(=O)CN=C(c2ccccc2F)c2cc(NO)ccc21,1,2.44060,2,3,2,299.30500,64.93000,2,0.98845
O=C1Nc2ccc(Cl)cc2C(c2ccccc2F)=NC1Cl,2,3.83350,2,1,1,323.15400,41.46000,1,0.96316
O=C1CN=C(c2ccccc2F)c2cc(Cl)ccc2N1CCO,0,2.65540,2,2,1,332.76200,52.90000,3,0.95568
CCOC(=O)c1ncn2c1C1CCN1C(=O)c1c(Cl)cccc1-2,1,2.60300,2,4,0,331.75900,64.43000,2,0.95344
Cc1nnc2n1-c1sc(Br)cc1C(c1ccccc1Cl)=NC2,0,4.40412,3,2,0,393.69700,43.07000,1,0.63489
Cc1nnc2ccc(-c3cccc(C(F)(F)F)c3)nn12,0,3.11852,3,3,0,278.23700,43.08000,1,0.93396
CC1CN2CC(=O)Nc3ccc(Cl)cc3C2(c2ccccc2)O1,0,3.21390,2,3,1,328.79900,41.57000,1,0.96120
